#
# INSERT INTO degrees (id, degree_name) VALUES (1, 'chancellor');
# INSERT INTO degrees (id, degree_name) VALUES (2, 'professor');
# INSERT INTO degrees (id, degree_name) VALUES (3, 'associate professor');
# INSERT INTO degrees (id, degree_name) VALUES (4, 'assistan');
#
# INSERT INTO lectors (id, first_name, last_name, salary, lector_degree_id) VALUES (1, 'Petro', 'Yakibchuk', 3500, 1);
# INSERT INTO lectors (id, first_name, last_name, salary, lector_degree_id) VALUES (2, 'Taras', 'Demkiv', 2000, 3);
# INSERT INTO lectors (id, first_name, last_name, salary, lector_degree_id) VALUES (3, 'Andriy', 'Korostishin', 2000, 3);
# INSERT INTO lectors (id, first_name, last_name, salary, lector_degree_id) VALUES (4, 'Bohdan', 'Melekh', 3500, 1);
# INSERT INTO lectors (id, first_name, last_name, salary, lector_degree_id) VALUES (5, 'Markiyan', 'Vavrukh', 3000, 2);
# INSERT INTO lectors (id, first_name, last_name, salary, lector_degree_id) VALUES (6, 'Nataliya', 'Havrilova', 2000, 3);
# INSERT INTO lectors (id, first_name, last_name, salary, lector_degree_id) VALUES (7, 'Nestor', 'Tyshko', 2000, 3);
# INSERT INTO lectors (id, first_name, last_name, salary, lector_degree_id) VALUES (8, 'Anatoliy', 'Voloshinovskiy', 3500, 1);
# INSERT INTO lectors (id, first_name, last_name, salary, lector_degree_id) VALUES (9, 'Andriy', 'Franiv', 3000, 2);
# INSERT INTO lectors (id, first_name, last_name, salary, lector_degree_id) VALUES (10, 'Mykola', 'Romanyuk', 3000, 2);
# INSERT INTO lectors (id, first_name, last_name, salary, lector_degree_id) VALUES (11, 'Vasil', 'Stadnik', 3500, 1);
# INSERT INTO lectors (id, first_name, last_name, salary, lector_degree_id) VALUES (12, 'Lesya', 'Kuharska', 1500, 4);
# INSERT INTO lectors (id, first_name, last_name, salary, lector_degree_id) VALUES (13, 'Stepan', 'Mudriy', 3500, 1);
# INSERT INTO lectors (id, first_name, last_name, salary, lector_degree_id) VALUES (14, 'Yuriy', 'Plevachuk', 3000, 2);
#
# INSERT INTO departments (id, department_name, head_of_department_id) VALUES (1, 'Deanery', 1);
# INSERT INTO departments (id, department_name, head_of_department_id) VALUES (2, 'Department of Astrophysics', 4);
# INSERT INTO departments (id, department_name, head_of_department_id) VALUES (3, 'Department of Experimental Physics', 8);
# INSERT INTO departments (id, department_name, head_of_department_id) VALUES (4, 'Department of General Physics', 11);
# INSERT INTO departments (id, department_name, head_of_department_id) VALUES (5, 'Department of Metal Physics', 13);

# INSERT INTO lectors_departments (lector_id, department_id) VALUES (1, 1);
# INSERT INTO lectors_departments (lector_id, department_id) VALUES (2, 1);
# INSERT INTO lectors_departments (lector_id, department_id) VALUES (3, 1);
# INSERT INTO lectors_departments (lector_id, department_id) VALUES (4, 2);
# INSERT INTO lectors_departments (lector_id, department_id) VALUES (5, 2);
# INSERT INTO lectors_departments (lector_id, department_id) VALUES (6, 2);
# INSERT INTO lectors_departments (lector_id, department_id) VALUES (7, 2);
# INSERT INTO lectors_departments (lector_id, department_id) VALUES (8, 3);
# INSERT INTO lectors_departments (lector_id, department_id) VALUES (9, 3);
# INSERT INTO lectors_departments (lector_id, department_id) VALUES (10, 3);
# INSERT INTO lectors_departments (lector_id, department_id) VALUES (11, 4);
# INSERT INTO lectors_departments (lector_id, department_id) VALUES (12, 4);
# INSERT INTO lectors_departments (lector_id, department_id) VALUES (13, 5);
# INSERT INTO lectors_departments (lector_id, department_id) VALUES (14, 5);
#
